frame,r00,r01,r02,r10,r11,r12,r20,r21,r22,elapsed_sec
0,1.0,0.0,0.0,0.0,1.0,0.0,0.0,0.0,1.0,20.060
1,0.9999982261,-0.0003477071,-0.0018512107,0.0003467474,0.9999998053,-0.0005187234,0.0018513907,0.0005180806,0.999998152,33.728
2,0.9999982261,-0.0003477071,-0.0018512107,0.0003467474,0.9999998053,-0.0005187234,0.0018513907,0.0005180806,0.999998152,24.414
3,0.9999982261,-0.0003477071,-0.0018512107,0.0003467474,0.9999998053,-0.0005187234,0.0018513907,0.0005180806,0.999998152,24.454
4,0.9999966187,-0.0001667227,-0.0025951469,0.0001643202,0.9999995578,-0.0009259531,0.0025953001,0.0009255235,0.9999962039,28.983
5,0.9999963197,-0.0001446343,-0.0027091687,0.0001419981,0.9999995163,-0.0009732567,0.0027093081,0.0009728684,0.9999958566,38.086
6,0.9999866482,0.0001962714,-0.0051638025,-0.0002050958,0.9999985196,-0.0017084379,0.0051634595,0.0017094742,0.9999852081,51.785
7,0.9999866482,0.0001962714,-0.0051638025,-0.0002050958,0.9999985196,-0.0017084379,0.0051634595,0.0017094742,0.9999852081,24.457
8,0.9999726912,0.000642456,-0.0073623391,-0.0006568177,0.9999978861,-0.0019484483,0.0073610717,0.0019532308,0.9999709994,51.782
9,0.9999726912,0.000642456,-0.0073623391,-0.0006568177,0.9999978861,-0.0019484483,0.0073610717,0.0019532308,0.9999709994,24.456
10,0.9999726912,0.000642456,-0.0073623391,-0.0006568177,0.9999978861,-0.0019484483,0.0073610717,0.0019532308,0.9999709994,24.433
11,0.9999726912,0.000642456,-0.0073623391,-0.0006568177,0.9999978861,-0.0019484483,0.0073610717,0.0019532308,0.9999709994,24.429
12,0.9999726912,0.000642456,-0.0073623391,-0.0006568177,0.9999978861,-0.0019484483,0.0073610717,0.0019532308,0.9999709994,24.421
13,0.9999726912,0.000642456,-0.0073623391,-0.0006568177,0.9999978861,-0.0019484483,0.0073610717,0.0019532308,0.9999709994,24.889
14,0.9999726912,0.000642456,-0.0073623391,-0.0006568177,0.9999978861,-0.0019484483,0.0073610717,0.0019532308,0.9999709994,24.453
15,0.9999726912,0.000642456,-0.0073623391,-0.0006568177,0.9999978861,-0.0019484483,0.0073610717,0.0019532308,0.9999709994,24.441
16,0.9999726912,0.000642456,-0.0073623391,-0.0006568177,0.9999978861,-0.0019484483,0.0073610717,0.0019532308,0.9999709994,24.725
17,0.9999726912,0.000642456,-0.0073623391,-0.0006568177,0.9999978861,-0.0019484483,0.0073610717,0.0019532308,0.9999709994,24.473
18,0.9999726912,0.000642456,-0.0073623391,-0.0006568177,0.9999978861,-0.0019484483,0.0073610717,0.0019532308,0.9999709994,24.515
19,0.9999726912,0.000642456,-0.0073623391,-0.0006568177,0.9999978861,-0.0019484483,0.0073610717,0.0019532308,0.9999709994,24.433
20,0.9999726912,0.000642456,-0.0073623391,-0.0006568177,0.9999978861,-0.0019484483,0.0073610717,0.0019532308,0.9999709994,24.962
21,0.9999726912,0.000642456,-0.0073623391,-0.0006568177,0.9999978861,-0.0019484483,0.0073610717,0.0019532308,0.9999709994,25.125
22,0.9999726912,0.000642456,-0.0073623391,-0.0006568177,0.9999978861,-0.0019484483,0.0073610717,0.0019532308,0.9999709994,24.843
23,0.9999726912,0.000642456,-0.0073623391,-0.0006568177,0.9999978861,-0.0019484483,0.0073610717,0.0019532308,0.9999709994,25.008
24,0.9999726912,0.000642456,-0.0073623391,-0.0006568177,0.9999978861,-0.0019484483,0.0073610717,0.0019532308,0.9999709994,25.148
25,0.9999728952,0.0011796932,-0.0072675391,-0.0011975468,0.9999962749,-0.0024527706,0.0072646185,0.0024614074,0.999970583,41.617
26,0.9999728952,0.0011796932,-0.0072675391,-0.0011975468,0.9999962749,-0.0024527706,0.0072646185,0.0024614074,0.999970583,22.469
27,0.9999728952,0.0011796932,-0.0072675391,-0.0011975468,0.9999962749,-0.0024527706,0.0072646185,0.0024614074,0.999970583,24.863
28,0.9999727104,0.001201191,-0.0072894166,-0.0012192955,0.9999961821,-0.0024797496,0.0072864101,0.0024885699,0.9999703572,34.541
29,0.9999720113,0.0012799316,-0.0073714612,-0.0012989879,0.9999958257,-0.0025809523,0.007368127,0.0025904555,0.9999694997,29.355
30,0.9999720113,0.0012799316,-0.0073714612,-0.0012989879,0.9999958257,-0.0025809523,0.007368127,0.0025904555,0.9999694997,24.869
31,0.9999720113,0.0012799316,-0.0073714612,-0.0012989879,0.9999958257,-0.0025809523,0.007368127,0.0025904555,0.9999694997,24.750
32,0.9999720113,0.0012799316,-0.0073714612,-0.0012989879,0.9999958257,-0.0025809523,0.007368127,0.0025904555,0.9999694997,25.420
33,0.9999719569,0.0013025975,-0.0073748728,-0.0013217838,0.9999957535,-0.0025973138,0.0073714582,0.002606989,0.9999694322,30.411
34,0.9999719569,0.0013025975,-0.0073748728,-0.0013217838,0.9999957535,-0.0025973138,0.0073714582,0.002606989,0.9999694322,25.509
35,0.9999719569,0.0013025975,-0.0073748728,-0.0013217838,0.9999957535,-0.0025973138,0.0073714582,0.002606989,0.9999694322,25.034
36,0.9999716541,0.0013504528,-0.0074072447,-0.0013698907,0.9999956303,-0.0026197309,0.0074036745,0.0026298038,0.9999691345,34.219
37,0.9999712954,0.0013967043,-0.0074469821,-0.0014163919,0.9999955146,-0.0026390944,0.0074432627,0.0026495666,0.9999687884,34.280
38,0.9999712896,0.0013974371,-0.0074476271,-0.001417129,0.9999955126,-0.0026394417,0.0074439052,0.0026499202,0.9999687827,39.043
39,0.999970836,0.0014512643,-0.0074980653,-0.0014713027,0.9999953595,-0.0026676525,0.007494159,0.0026786067,0.9999683309,47.925
40,0.9999703703,0.0014996184,-0.0075504811,-0.0015199853,0.9999952203,-0.0026924119,0.0075464074,0.0027038088,0.9999678701,34.553
41,0.9999388297,0.0026382781,-0.0107413459,-0.002670347,0.9999920173,-0.002972304,0.0107334184,0.0030008054,0.9999378926,104.624
42,0.9999388297,0.0026382781,-0.0107413459,-0.002670347,0.9999920173,-0.002972304,0.0107334184,0.0030008054,0.9999378926,24.498
43,0.9999386196,0.0026432281,-0.0107596691,-0.0026753902,0.9999919933,-0.0029758342,0.0107517171,0.003004438,0.9999376851,29.043
44,0.9999386196,0.0026432281,-0.0107596691,-0.0026753902,0.9999919933,-0.0029758342,0.0107517171,0.003004438,0.9999376851,25.422
45,0.9999386196,0.0026432281,-0.0107596691,-0.0026753902,0.9999919933,-0.0029758342,0.0107517171,0.003004438,0.9999376851,24.736
46,0.9999383356,0.002659805,-0.0107819565,-0.0026921304,0.999991922,-0.0029846987,0.0107739306,0.0030135413,0.9999374186,38.150
47,0.9999383356,0.002659805,-0.0107819565,-0.0026921304,0.999991922,-0.0029846987,0.0107739306,0.0030135413,0.9999374186,24.524
48,0.9999381035,0.0026797768,-0.0107985217,-0.0027123192,0.9999918214,-0.0030000793,0.0107903937,0.0030291829,0.9999371938,29.035
49,0.9999381035,0.0026797768,-0.0107985217,-0.0027123192,0.9999918214,-0.0030000793,0.0107903937,0.0030291829,0.9999371938,25.009
50,0.9999380151,0.0026907699,-0.0108039718,-0.0027234571,0.9999917556,-0.0030119069,0.0107957783,0.0030411446,0.9999370994,47.325
51,0.9999379903,0.0026966322,-0.0108048024,-0.0027293978,0.9999917183,-0.0030189038,0.010796572,0.0030482074,0.9999370693,38.176
52,0.9999381215,0.0027428027,-0.0107810079,-0.0027761469,0.999991406,-0.00307911,0.0107724698,0.0031088494,0.9999371425,38.170
53,0.9999524431,0.0032166423,-0.0092067734,-0.0032518909,0.999987431,-0.0038161414,0.0091943824,0.0038458996,0.999950335,75.807
54,0.9999611714,0.0032999511,-0.0081710417,-0.0033312526,0.9999871545,-0.0038201283,0.0081583303,0.0038472,0.9999593196,63.528
55,0.9999611714,0.0032999511,-0.0081710417,-0.0033312526,0.9999871545,-0.0038201283,0.0081583303,0.0038472,0.9999593196,22.388
56,0.9999611714,0.0032999511,-0.0081710417,-0.0033312526,0.9999871545,-0.0038201283,0.0081583303,0.0038472,0.9999593196,22.606
57,0.9999611714,0.0032999511,-0.0081710417,-0.0033312526,0.9999871545,-0.0038201283,0.0081583303,0.0038472,0.9999593196,22.740
58,0.9999594899,0.0032715614,-0.0083854271,-0.0033038412,0.9999871749,-0.0038385387,0.0083727613,0.0038660876,0.9999574743,206.406
59,0.999959,0.0032718685,-0.008443526,-0.0033047074,0.999987019,-0.0038782056,0.0084307272,0.0039059502,0.9999568324,54.105
60,0.999958657,0.0032781062,-0.0084816374,-0.0033114042,0.9999868542,-0.0039148127,0.0084686925,0.0039427372,0.9999563672,26.748
61,0.999957792,0.0032979697,-0.0085754002,-0.0033321328,0.9999865575,-0.0039725975,0.0085621831,0.0040010044,0.9999553396,29.039
62,0.9999270857,0.002820165,-0.0117417978,-0.0028781936,0.9999837148,-0.0049280792,0.0117277082,0.0049615152,0.9999189189,113.738
63,0.999909743,0.0019992282,-0.0132856606,-0.0020765654,0.9999809665,-0.0058098508,0.0132737921,0.0058369151,0.999894863,191.564
64,0.9999074024,0.0020227446,-0.0134571514,-0.002102797,0.9999801638,-0.0059371881,0.0134448746,0.0059649361,0.9998918217,97.129
65,0.9999074024,0.0020227446,-0.0134571514,-0.002102797,0.9999801638,-0.0059371881,0.0134448746,0.0059649361,0.9998918217,22.750
66,0.9999074024,0.0020227446,-0.0134571514,-0.002102797,0.9999801638,-0.0059371881,0.0134448746,0.0059649361,0.9998918217,25.233
67,0.9999074024,0.0020227446,-0.0134571514,-0.002102797,0.9999801638,-0.0059371881,0.0134448746,0.0059649361,0.9998918217,24.846
68,0.9999074024,0.0020227446,-0.0134571514,-0.002102797,0.9999801638,-0.0059371881,0.0134448746,0.0059649361,0.9998918217,24.545
69,0.9999052188,0.0021478628,-0.0135992624,-0.0022299035,0.9999793907,-0.0060204291,0.0135860506,0.0060501836,0.9998894012,65.609
70,0.9998657937,0.0034940854,-0.0160058038,-0.0035887477,0.9999762179,-0.0058893396,0.0159848448,0.0059459901,0.9998545545,113.734
71,0.9998652267,0.0035406135,-0.0160309822,-0.0036351576,0.9999761506,-0.0058722846,0.0160098079,0.0059297685,0.9998542514,26.835
72,0.9998652267,0.0035406135,-0.0160309822,-0.0036351576,0.9999761506,-0.0058722846,0.0160098079,0.0059297685,0.9998542514,22.184
73,0.9998652267,0.0035406135,-0.0160309822,-0.0036351576,0.9999761506,-0.0058722846,0.0160098079,0.0059297685,0.9998542514,24.461
74,0.9998624558,0.003570147,-0.0161964044,-0.0036642498,0.9999765581,-0.0057841424,0.016175374,0.0058426947,0.9998520992,29.063
75,0.9998343719,0.0040642002,-0.0177400943,-0.0041528912,0.9999790484,-0.0049654835,0.0177195414,0.0050383339,0.9998303022,81.516
76,0.9998278484,0.004269418,-0.0180567303,-0.0043569715,0.9999789293,-0.0048122347,0.0180358039,0.0048900791,0.9998253833,40.578
77,0.9998278484,0.004269418,-0.0180567303,-0.0043569715,0.9999789293,-0.0048122347,0.0180358039,0.0048900791,0.9998253833,24.439
78,0.9998278484,0.004269418,-0.0180567303,-0.0043569715,0.9999789293,-0.0048122347,0.0180358039,0.0048900791,0.9998253833,24.716
79,0.9998278484,0.004269418,-0.0180567303,-0.0043569715,0.9999789293,-0.0048122347,0.0180358039,0.0048900791,0.9998253833,25.299
80,0.9998217719,0.0045329479,-0.0183269381,-0.004621997,0.9999777046,-0.0048194757,0.0183046826,0.004903324,0.999820432,34.397
81,0.9997939922,0.0056262783,-0.0195017457,-0.0057121966,0.9999742118,-0.0043527615,0.0194767525,0.0044632628,0.9998003479,62.509
82,0.9997934228,0.0056564815,-0.0195221888,-0.0057421851,0.9999741094,-0.0043367887,0.019497152,0.004447993,0.9998000183,34.135
83,0.9997916856,0.005756801,-0.0195817383,-0.0058423638,0.9999736229,-0.0043151147,0.0195563801,0.0044286196,0.9997989475,29.547
84,0.9997911191,0.0058043923,-0.0195966068,-0.0058899525,0.9999733607,-0.0043111729,0.0195710605,0.0044256956,0.9997986732,48.539
85,0.999789805,0.0059428981,-0.0196221183,-0.0060290907,0.9999724225,-0.0043363842,0.0195958059,0.0044537764,0.9997980638,29.915
86,0.9997756054,0.007117794,-0.0199518308,-0.0072088204,0.9999639173,-0.0044940958,0.0199191222,0.0046369166,0.999790842,49.022
87,0.9997490823,0.0086115039,-0.0206788347,-0.0086916939,0.9999550398,-0.003791127,0.020645257,0.0039699099,0.9997789823,76.023
88,0.9997400881,0.0089412786,-0.0209716357,-0.0090180813,0.9999529617,-0.0035704968,0.0209387238,0.0037586927,0.9997736956,47.942
89,0.9997400881,0.0089412786,-0.0209716357,-0.0090180813,0.9999529617,-0.0035704968,0.0209387238,0.0037586927,0.9997736956,24.783
90,0.9997400881,0.0089412786,-0.0209716357,-0.0090180813,0.9999529617,-0.0035704968,0.0209387238,0.0037586927,0.9997736956,25.331
91,0.9997400881,0.0089412786,-0.0209716357,-0.0090180813,0.9999529617,-0.0035704968,0.0209387238,0.0037586927,0.9997736956,24.595
92,0.9997400881,0.0089412786,-0.0209716357,-0.0090180813,0.9999529617,-0.0035704968,0.0209387238,0.0037586927,0.9997736956,24.612
93,0.999697339,0.0101936767,-0.0223901554,-0.0102456616,0.9999450734,-0.0022082739,0.0223664145,0.0024370075,0.9997468704,122.685
94,0.9996972286,0.010195191,-0.0223943948,-0.010247129,0.999945064,-0.0022057023,0.0223706764,0.0024345127,0.9997467811,38.438
95,0.9996972286,0.010195191,-0.0223943948,-0.010247129,0.999945064,-0.0022057023,0.0223706764,0.0024345127,0.9997467811,25.061
96,0.9996971796,0.0102256727,-0.0223826806,-0.0102769255,0.9999448233,-0.002176,0.0223591939,0.0024053661,0.9997471085,27.753
97,0.9996968633,0.0103273344,-0.0223501074,-0.0103773421,0.9999439009,-0.0021226316,0.0223269319,0.0023539228,0.999747952,31.453
98,0.9996968633,0.0103273344,-0.0223501074,-0.0103773421,0.9999439009,-0.0021226316,0.0223269319,0.0023539228,0.999747952,22.309
99,0.9996966116,0.0104095874,-0.0223231929,-0.0104599117,0.9999430062,-0.00213876,0.0222996565,0.0023716097,0.999748519,27.297
100,0.9996968929,0.0104869026,-0.0222743565,-0.0105376228,0.9999421427,-0.0021608994,0.0222504061,0.0023949631,0.9997495607,27.901
101,0.9996969214,0.0104893027,-0.0222719475,-0.0105400351,0.9999421156,-0.0021616775,0.0222479832,0.0023957693,0.9997496127,52.956
102,0.9996969214,0.0104893027,-0.0222719475,-0.0105400351,0.9999421156,-0.0021616775,0.0222479832,0.0023957693,0.9997496127,24.908
103,0.999696896,0.0104995153,-0.0222682752,-0.0105503791,0.9999419931,-0.002167866,0.0222442213,0.0024021475,0.9997496811,29.709
104,0.999696896,0.0104995153,-0.0222682752,-0.0105503791,0.9999419931,-0.002167866,0.0222442213,0.0024021475,0.9997496811,24.663
105,0.9996967181,0.0105105664,-0.0222710495,-0.0105616546,0.9999418531,-0.0021775291,0.0222468668,0.0024120877,0.9997495983,29.359
106,0.9996966213,0.0105157516,-0.0222729464,-0.0105669478,0.9999417872,-0.0021821224,0.0222487026,0.0024168173,0.999749546,43.984
107,0.9996965583,0.0105203466,-0.0222736058,-0.0105716363,0.9999417287,-0.0021861989,0.0222493077,0.0024210038,0.9997495224,38.357
108,0.9996847763,0.0113577175,-0.0223908489,-0.0114267719,0.9999303355,-0.0029584997,0.0223556866,0.0032134221,0.9997449163,52.163
109,0.9996847763,0.0113577175,-0.0223908489,-0.0114267719,0.9999303355,-0.0029584997,0.0223556866,0.0032134221,0.9997449163,25.564
110,0.9996847763,0.0113577175,-0.0223908489,-0.0114267719,0.9999303355,-0.0029584997,0.0223556866,0.0032134221,0.9997449163,25.029
111,0.9996846878,0.0113663622,-0.0223904147,-0.0114355951,0.9999302111,-0.0029664534,0.0223551337,0.0032215656,0.9997449025,29.036
112,0.9996846382,0.0113704023,-0.0223905788,-0.0114397334,0.9999301509,-0.0029707807,0.0223552353,0.0032259859,0.999744886,66.340
113,0.9996846056,0.0113809481,-0.0223866763,-0.011450501,0.9999299968,-0.0029811487,0.0223511803,0.003236547,0.9997449425,52.011
114,0.9996845965,0.0114018367,-0.0223764495,-0.011471817,0.9999296915,-0.0030015314,0.0223406527,0.0032572831,0.9997451105,34.493
115,0.9996845965,0.0114018367,-0.0223764495,-0.011471817,0.9999296915,-0.0030015314,0.0223406527,0.0032572831,0.9997451105,24.657
116,0.9996845965,0.0114018367,-0.0223764495,-0.011471817,0.9999296915,-0.0030015314,0.0223406527,0.0032572831,0.9997451105,24.707
117,0.9996845965,0.0114018367,-0.0223764495,-0.011471817,0.9999296915,-0.0030015314,0.0223406527,0.0032572831,0.9997451105,24.691
118,0.9996848233,0.0114214958,-0.0223562834,-0.0114919606,0.9999293866,-0.0030259635,0.0223201431,0.0032819271,0.999745488,34.230
119,0.9996848233,0.0114214958,-0.0223562834,-0.0114919606,0.9999293866,-0.0030259635,0.0223201431,0.0032819271,0.999745488,25.510
120,0.9996848233,0.0114214958,-0.0223562834,-0.0114919606,0.9999293866,-0.0030259635,0.0223201431,0.0032819271,0.999745488,24.600
121,0.9997204216,0.0128345103,-0.0198583433,-0.0129249072,0.9999066545,-0.0044304519,0.0197996263,0.0046858803,0.9997929875,107.104
122,0.9997377369,0.0130882853,-0.0187923926,-0.0131765966,0.999902681,-0.0045832005,0.0187305769,0.0048296181,0.9998129029,53.608
123,0.9997377369,0.0130882853,-0.0187923926,-0.0131765966,0.999902681,-0.0045832005,0.0187305769,0.0048296181,0.9998129029,24.958
124,0.9997377369,0.0130882853,-0.0187923926,-0.0131765966,0.999902681,-0.0045832005,0.0187305769,0.0048296181,0.9998129029,24.748
125,0.9997377369,0.0130882853,-0.0187923926,-0.0131765966,0.999902681,-0.0045832005,0.0187305769,0.0048296181,0.9998129029,24.510
126,0.9997377369,0.0130882853,-0.0187923926,-0.0131765966,0.999902681,-0.0045832005,0.0187305769,0.0048296181,0.9998129029,24.760
127,0.9997377369,0.0130882853,-0.0187923926,-0.0131765966,0.999902681,-0.0045832005,0.0187305769,0.0048296181,0.9998129029,24.991
128,0.9997377369,0.0130882853,-0.0187923926,-0.0131765966,0.999902681,-0.0045832005,0.0187305769,0.0048296181,0.9998129029,25.209
129,0.9997377369,0.0130882853,-0.0187923926,-0.0131765966,0.999902681,-0.0045832005,0.0187305769,0.0048296181,0.9998129029,24.661
130,0.9997377369,0.0130882853,-0.0187923926,-0.0131765966,0.999902681,-0.0045832005,0.0187305769,0.0048296181,0.9998129029,25.252
131,0.9997377794,0.0130894773,-0.0187893016,-0.0131777503,0.9999026716,-0.0045819402,0.018727497,0.0048283393,0.9998129668,34.321
132,0.9997377794,0.0130894773,-0.0187893016,-0.0131777503,0.9999026716,-0.0045819402,0.018727497,0.0048283393,0.9998129668,25.303
133,0.9997377794,0.0130894773,-0.0187893016,-0.0131777503,0.9999026716,-0.0045819402,0.018727497,0.0048283393,0.9998129668,23.219
134,0.9997377794,0.0130894773,-0.0187893016,-0.0131777503,0.9999026716,-0.0045819402,0.018727497,0.0048283393,0.9998129668,24.991
135,0.9997377069,0.0130926082,-0.0187909762,-0.013180917,0.9999026232,-0.0045833917,0.0187291372,0.0048298716,0.9998129287,40.462
136,0.9997377069,0.0130926082,-0.0187909762,-0.013180917,0.9999026232,-0.0045833917,0.0187291372,0.0048298716,0.9998129287,26.328
137,0.9997371401,0.0131139913,-0.0188062122,-0.0132024868,0.9999023118,-0.0045892312,0.0187441913,0.0048363134,0.9998126154,35.914
138,0.9997365134,0.0131363408,-0.0188239211,-0.0132249583,0.9999020069,-0.0045909693,0.0187617673,0.0048387049,0.9998122742,36.705
139,0.9997319088,0.0132689715,-0.0189748409,-0.0133581641,0.9999002794,-0.004581564,0.0189121554,0.0048338044,0.9998094645,31.089
140,0.9995218623,0.0173389526,-0.0256009234,-0.0173509402,0.9998494308,-0.0002461632,0.0255927998,0.0006902452,0.9996722127,211.508
141,0.9995193386,0.0173638405,-0.0256824564,-0.0173753654,0.9998490115,-0.0002256329,0.0256746601,0.0006717662,0.9996701262,30.771
142,0.9995193386,0.0173638405,-0.0256824564,-0.0173753654,0.9998490115,-0.0002256329,0.0256746601,0.0006717662,0.9996701262,25.979
143,0.9995193386,0.0173638405,-0.0256824564,-0.0173753654,0.9998490115,-0.0002256329,0.0256746601,0.0006717662,0.9996701262,301.881
144,0.9994324991,0.0184804997,-0.0281629295,-0.0184748674,0.9998292192,0.0004602114,0.0281666241,6.03558e-05,0.9996032404,82.001
145,0.9987663811,0.0242347855,-0.0433404074,-0.0239506762,0.9996881933,0.0070626697,0.0434980552,-0.0060159254,0.999035399,291.263
146,0.9987663811,0.0242347855,-0.0433404074,-0.0239506762,0.9996881933,0.0070626697,0.0434980552,-0.0060159254,0.999035399,25.926
147,0.9987663811,0.0242347855,-0.0433404074,-0.0239506762,0.9996881933,0.0070626697,0.0434980552,-0.0060159254,0.999035399,26.572
148,0.9987663811,0.0242347855,-0.0433404074,-0.0239506762,0.9996881933,0.0070626697,0.0434980552,-0.0060159254,0.999035399,27.629
149,0.9987663811,0.0242347855,-0.0433404074,-0.0239506762,0.9996881933,0.0070626697,0.0434980552,-0.0060159254,0.999035399,301.831
150,0.9987663811,0.0242347855,-0.0433404074,-0.0239506762,0.9996881933,0.0070626697,0.0434980552,-0.0060159254,0.999035399,301.871
151,0.9987663811,0.0242347855,-0.0433404074,-0.0239506762,0.9996881933,0.0070626697,0.0434980552,-0.0060159254,0.999035399,302.269
