initial_deg,converged,converged_true,final_omega1_deg,error_deg,frob_err,final_E,iters
10.0,False,False,nan,nan,nan,nan,-1
10.1,False,False,nan,nan,nan,nan,-1
10.2,False,False,nan,nan,nan,nan,-1
10.3,False,False,nan,nan,nan,nan,-1
10.4,False,False,nan,nan,nan,nan,-1
10.5,False,False,nan,nan,nan,nan,-1
10.6,False,False,nan,nan,nan,nan,-1
10.7,False,False,nan,nan,nan,nan,-1
10.8,False,False,nan,nan,nan,nan,-1
10.9,False,False,nan,nan,nan,nan,-1
11.0,False,False,nan,nan,nan,nan,-1
11.1,False,False,nan,nan,nan,nan,-1
11.2,False,False,nan,nan,nan,nan,-1
11.3,False,False,nan,nan,nan,nan,-1
11.4,False,False,nan,nan,nan,nan,-1
11.5,False,False,nan,nan,nan,nan,-1
11.6,False,False,nan,nan,nan,nan,-1
11.7,False,False,nan,nan,nan,nan,-1
11.8,False,False,nan,nan,nan,nan,-1
11.9,False,False,nan,nan,nan,nan,-1
12.0,False,False,nan,nan,nan,nan,-1
12.1,False,False,nan,nan,nan,nan,-1
12.2,False,False,nan,nan,nan,nan,-1
12.3,False,False,nan,nan,nan,nan,-1
12.4,False,False,nan,nan,nan,nan,-1
12.5,False,False,nan,nan,nan,nan,-1
12.6,False,False,nan,nan,nan,nan,-1
12.7,True,True,14.999945,-5.499999999969418e-05,1.49e-06,3.2453231802,123
12.8,True,True,14.999932,-6.800000000062312e-05,1.82e-06,3.2453226199,119
12.9,True,True,14.999956,-4.400000000082116e-05,1.16e-06,3.2453249309,111
13.0,True,True,14.999957,-4.2999999999793204e-05,1.16e-06,3.2453257007,101
13.1,True,True,14.999956,-4.400000000082116e-05,1.17e-06,3.2453248589,97
13.2,True,True,14.999939,-6.100000000053285e-05,1.66e-06,3.245322915,89
13.3,True,True,14.999938,-6.199999999978445e-05,1.68e-06,3.2453225656,81
13.4,True,True,14.999931,-6.899999999987472e-05,1.84e-06,3.2453224732,75
13.5,True,True,14.999957,-4.2999999999793204e-05,1.13e-06,3.2453252972,72
13.6,True,True,14.999956,-4.400000000082116e-05,1.16e-06,3.245324877,67
13.7,True,True,14.999944,-5.600000000072214e-05,1.51e-06,3.2453231423,59
13.8,True,True,14.999956,-4.400000000082116e-05,1.17e-06,3.2453248525,57
13.9,True,True,14.999934,-6.600000000034356e-05,1.77e-06,3.2453224238,49
14.0,True,True,14.99996,-4.000000000026205e-05,1.06e-06,3.2453258931,46
14.1,True,True,14.999956,-4.400000000082116e-05,1.17e-06,3.2453247929,43
14.2,True,True,14.999956,-4.400000000082116e-05,1.17e-06,3.245324785,39
14.3,True,True,14.999955,-4.500000000007276e-05,1.17e-06,3.2453247441,35
14.4,True,True,14.999957,-4.2999999999793204e-05,1.14e-06,3.2453249863,31
14.5,True,True,14.999944,-5.600000000072214e-05,1.51e-06,3.2453229921,27
14.6,True,True,14.999958,-4.2000000000541604e-05,1.11e-06,3.2453252289,24
14.7,True,True,14.999955,-4.500000000007276e-05,1.17e-06,3.245324671,23
14.8,True,True,14.999956,-4.400000000082116e-05,1.15e-06,3.2453247758,21
14.9,True,True,14.999957,-4.2999999999793204e-05,1.08e-06,3.2453253128,17
15.0,True,True,14.999953,-4.7000000000352316e-05,1.26e-06,3.245324158,9
15.1,True,True,14.999957,-4.2999999999793204e-05,1.08e-06,3.2453251492,17
15.2,True,True,14.999938,-6.199999999978445e-05,1.58e-06,3.2453222147,19
15.3,True,True,14.999936,-6.4000000000064e-05,1.64e-06,3.2453221144,21
15.4,True,True,14.999946,-5.400000000044258e-05,1.39e-06,3.2453228759,23
15.5,True,True,14.999951,-4.900000000063187e-05,1.3e-06,3.2453237443,27
15.6,True,True,14.999942,-5.799999999922534e-05,1.51e-06,3.245322454,29
15.7,True,True,14.999936,-6.4000000000064e-05,1.67e-06,3.2453221554,33
15.8,True,True,14.999936,-6.4000000000064e-05,1.66e-06,3.2453221844,37
15.9,True,True,14.999939,-6.100000000053285e-05,1.6e-06,3.2453222962,41
16.0,True,True,14.999956,-4.400000000082116e-05,1.15e-06,3.2453247638,45
16.1,True,True,14.999949,-5.099999999913507e-05,1.35e-06,3.2453234864,51
16.2,True,True,14.999939,-6.100000000053285e-05,1.61e-06,3.2453223247,55
16.3,True,True,14.999947,-5.2999999999414626e-05,1.4e-06,3.2453231717,61
16.4,True,True,14.999958,-4.2000000000541604e-05,1.09e-06,3.2453253404,65
16.5,True,True,14.999938,-6.199999999978445e-05,1.62e-06,3.245322342,71
16.6,True,True,14.999937,-6.30000000008124e-05,1.65e-06,3.2453223098,77
16.7,True,True,14.999937,-6.30000000008124e-05,1.65e-06,3.2453223139,83
16.8,True,True,14.999948,-5.200000000016303e-05,1.35e-06,3.2453233049,89
16.9,True,True,14.999946,-5.400000000044258e-05,1.43e-06,3.2453230528,97
17.0,True,True,14.999951,-4.900000000063187e-05,1.29e-06,3.2453237304,103
17.1,True,True,14.999937,-6.30000000008124e-05,1.65e-06,3.2453223385,111
17.2,True,True,14.999939,-6.100000000053285e-05,1.6e-06,3.245322421,119
17.3,False,False,nan,nan,nan,nan,-1
17.4,False,False,nan,nan,nan,nan,-1
17.5,False,False,nan,nan,nan,nan,-1
17.6,False,False,nan,nan,nan,nan,-1
17.7,False,False,nan,nan,nan,nan,-1
17.8,False,False,nan,nan,nan,nan,-1
17.9,False,False,nan,nan,nan,nan,-1
18.0,False,False,nan,nan,nan,nan,-1
18.1,False,False,nan,nan,nan,nan,-1
18.2,False,False,nan,nan,nan,nan,-1
18.3,False,False,nan,nan,nan,nan,-1
18.4,False,False,nan,nan,nan,nan,-1
18.5,False,False,nan,nan,nan,nan,-1
18.6,False,False,nan,nan,nan,nan,-1
18.7,False,False,nan,nan,nan,nan,-1
18.8,False,False,nan,nan,nan,nan,-1
18.9,False,False,nan,nan,nan,nan,-1
19.0,False,False,nan,nan,nan,nan,-1
19.1,False,False,nan,nan,nan,nan,-1
19.2,False,False,nan,nan,nan,nan,-1
19.3,False,False,nan,nan,nan,nan,-1
19.4,False,False,nan,nan,nan,nan,-1
19.5,False,False,nan,nan,nan,nan,-1
19.6,False,False,nan,nan,nan,nan,-1
19.7,False,False,nan,nan,nan,nan,-1
19.8,False,False,nan,nan,nan,nan,-1
19.9,False,False,nan,nan,nan,nan,-1
20.0,False,False,nan,nan,nan,nan,-1
